Nume,"An de aparitie",Gen,Descriere
"Film 1",1989,Romantic,"Uimitoare emoționantă surprinzătoare incredibilă dramatică magică inspiratoare haios fascinantă impresionantă tulburătoare misterioasă palpitantă."
"Film 2",2008,Comedie,"înfricoșătoare emoționantă comică incredibilă plină de acțiune dramatică haios impresionantă misterioasă palpitantă înduioșătoare fantastică dezvăluitoare."
"Film 3",2014,Aventură,"înfricoșătoare uimitoare surprinzătoare comică haios încântătoare impresionantă sfâșietoare misterioasă unică palpitantă inerentă dezvăluitoare interesantă."
"Film 4",2018,Dramă,"Captivantă uimitoare nemaivăzută plină de acțiune dramatică magică haios misterioasă inerentă epică extraterestră fantastică dezvăluitoare amuzantă interesantă."
"Film 5",1953,Crimă,"Haios încântătoare tulburătoare palpitantă extraterestră interesantă."
"Film 6",2015,Familie,"Captivantă înfricoșătoare nemaivăzută incredibilă plină de acțiune dramatică magică haios tulburătoare sfâșietoare unică inerentă înduioșătoare amuzantă."
"Film 7",1978,Thriller,"O captivantă uimitoare comică nemaivăzută dramatică magică inspiratoare misterioasă unică palpitantă epică înduioșătoare dezvăluitoare neconvențională."
"Film 8",1967,Documentar,"O impresionantă unică epică înduioșătoare."
"Film 9",1958,Romantic,"O înfricoșătoare nemaivăzută incredibilă plină de acțiune dramatică magică sfâșietoare misterioasă unică epică extraterestră dezvăluitoare istorică."
"Film 10",1962,Dramă,"Plină de acțiune tulburătoare epică fantastică istorică."
"Film 11",1993,Documentar,"Impresionantă unică extraterestră amuzantă neconvențională."
"Film 12",1965,Acțiune,"O emoționantă nemaivăzută sfâșietoare misterioasă înduioșătoare medievală dezvăluitoare neconvențională."
"Film 13",1967,Familie,"Captivantă uimitoare nemaivăzută incredibilă inspiratoare impresionantă extraterestră dezvăluitoare neconvențională istorică."
"Film 14",1962,Mister,"Captivantă înfricoșătoare emoționantă plină de acțiune inspiratoare haios sfâșietoare misterioasă palpitantă inerentă medievală neconvențională."
"Film 15",1950,Fantezie,"Captivantă înfricoșătoare emoționantă nemaivăzută incredibilă plină de acțiune magică fascinantă încântătoare epică medievală fantastică."
"Film 16",2006,Documentar,"Uimitoare emoționantă comică nemaivăzută inspiratoare haios tulburătoare extraterestră neconvențională istorică."
"Film 17",1952,Fantezie,"Uimitoare emoționantă comică plină de acțiune tulburătoare medievală."
"Film 18",1956,Acțiune,"Uimitoare emoționantă surprinzătoare comică nemaivăzută inspiratoare fascinantă încântătoare misterioasă unică palpitantă."
"Film 19",1968,Familie,"Captivantă emoționantă fascinantă impresionantă unică medievală amuzantă neconvențională interesantă."
"Film 20",2000,Comedie,"Captivantă înfricoșătoare uimitoare surprinzătoare comică haios fascinantă impresionantă dezvăluitoare amuzantă."
"Film 21",2004,Romantic,"Comică incredibilă inspiratoare fascinantă neconvențională interesantă istorică."
"Film 22",1975,Thriller,"Emoționantă inspiratoare inerentă înduioșătoare extraterestră interesantă istorică."
"Film 23",1993,Familie,"Comică impresionantă tulburătoare misterioasă palpitantă extraterestră medievală neconvențională interesantă."
"Film 24",1959,Romantic,"înfricoșătoare incredibilă haios încântătoare misterioasă inerentă epică dezvăluitoare amuzantă."
"Film 25",2005,Comedie,"înfricoșătoare comică nemaivăzută magică haios încântătoare impresionantă misterioasă palpitantă înduioșătoare medievală fantastică dezvăluitoare amuzantă."
"Film 26",2012,SF,"Uimitoare surprinzătoare haios sfâșietoare misterioasă înduioșătoare extraterestră amuzantă istorică."
"Film 27",1967,Familie,"Captivantă înfricoșătoare emoționantă comică incredibilă plină de acțiune dramatică fascinantă misterioasă epică dezvăluitoare neconvențională."
"Film 28",1964,Acțiune,"Captivantă plină de acțiune inspiratoare haios unică."
"Film 29",2020,Romantic,"O captivantă surprinzătoare incredibilă plină de acțiune magică încântătoare sfâșietoare misterioasă inerentă amuzantă neconvențională."
"Film 30",1950,Familie,"înfricoșătoare nemaivăzută inerentă înduioșătoare medievală."
"Film 31",1988,Thriller,"Captivantă înfricoșătoare nemaivăzută plină de acțiune magică inspiratoare fascinantă impresionantă palpitantă inerentă extraterestră medievală dezvăluitoare neconvențională."
"Film 32",1989,Fantezie,"Captivantă surprinzătoare comică incredibilă încântătoare sfâșietoare epică extraterestră."
"Film 33",1959,Mister,"O uimitoare incredibilă inspiratoare haios misterioasă unică epică extraterestră amuzantă neconvențională."
"Film 34",1983,Dramă,"înfricoșătoare plină de acțiune încântătoare sfâșietoare misterioasă unică palpitantă medievală dezvăluitoare amuzantă istorică."
"Film 35",1963,SF,"Comică plină de acțiune dramatică magică haios impresionantă sfâșietoare unică palpitantă istorică."
"Film 36",2014,Animație,"înfricoșătoare uimitoare plină de acțiune magică tulburătoare."
"Film 37",2021,Comedie,"Captivantă emoționantă surprinzătoare nemaivăzută inspiratoare încântătoare unică înduioșătoare extraterestră neconvențională interesantă."
"Film 38",1999,Thriller,"Comică nemaivăzută incredibilă inspiratoare fascinantă sfâșietoare misterioasă unică inerentă fantastică amuzantă interesantă."
"Film 39",1996,Mister,"Uimitoare haios impresionantă misterioasă palpitantă inerentă înduioșătoare medievală amuzantă neconvențională."
"Film 40",1993,Crimă,"Captivantă uimitoare surprinzătoare nemaivăzută plină de acțiune haios impresionantă sfâșietoare unică extraterestră medievală fantastică dezvăluitoare neconvențională istorică."
"Film 41",1975,Documentar,"înfricoșătoare emoționantă comică dramatică inerentă extraterestră neconvențională."
"Film 42",1962,Familie,"Comică dramatică inspiratoare haios sfâșietoare unică palpitantă inerentă epică extraterestră dezvăluitoare istorică."
"Film 43",2001,Aventură,"Comică plină de acțiune haios tulburătoare misterioasă unică extraterestră medievală dezvăluitoare neconvențională interesantă istorică."
"Film 44",1999,SF,"O captivantă uimitoare comică fascinantă sfâșietoare unică inerentă amuzantă."
"Film 45",1970,Acțiune,"Captivantă uimitoare plină de acțiune dramatică magică încântătoare epică înduioșătoare medievală neconvențională."
"Film 46",1984,Horror,"înfricoșătoare uimitoare nemaivăzută sfâșietoare înduioșătoare dezvăluitoare."
"Film 47",1983,Mister,"înfricoșătoare surprinzătoare comică incredibilă dramatică magică inspiratoare fascinantă impresionantă tulburătoare sfâșietoare unică palpitantă neconvențională istorică."
"Film 48",1979,Horror,"Captivantă nemaivăzută inspiratoare fascinantă impresionantă sfâșietoare medievală."
"Film 49",1961,Acțiune,"O înfricoșătoare incredibilă sfâșietoare misterioasă înduioșătoare medievală dezvăluitoare."
"Film 50",2002,Dramă,"Captivantă haios misterioasă unică inerentă fantastică amuzantă."
"Film 51",2022,Documentar,"Comică haios misterioasă inerentă înduioșătoare medievală amuzantă interesantă."
"Film 52",2005,Familie,"O înfricoșătoare uimitoare surprinzătoare comică nemaivăzută plină de acțiune haios fascinantă tulburătoare palpitantă extraterestră fantastică amuzantă."
"Film 53",1958,Dramă,"Emoționantă comică haios fascinantă misterioasă unică palpitantă epică înduioșătoare medievală amuzantă interesantă."
"Film 54",2021,Acțiune,"Captivantă uimitoare surprinzătoare dramatică magică haios impresionantă misterioasă inerentă extraterestră medievală dezvăluitoare amuzantă interesantă istorică."
"Film 55",1950,Aventură,"O înfricoșătoare uimitoare comică nemaivăzută incredibilă plină de acțiune dramatică haios încântătoare misterioasă palpitantă extraterestră neconvențională interesantă."
"Film 56",1983,Thriller,"O înfricoșătoare incredibilă dramatică haios încântătoare tulburătoare sfâșietoare misterioasă epică extraterestră dezvăluitoare."
"Film 57",1982,Romantic,"O captivantă sfâșietoare palpitantă inerentă epică înduioșătoare extraterestră istorică."
"Film 58",1956,Fantezie,"Uimitoare comică nemaivăzută incredibilă inspiratoare tulburătoare palpitantă inerentă medievală dezvăluitoare interesantă istorică."
"Film 59",2015,SF,"Emoționantă incredibilă magică inspiratoare haios sfâșietoare amuzantă."
"Film 60",1972,Acțiune,"O uimitoare emoționantă comică incredibilă dramatică inspiratoare încântătoare impresionantă sfâșietoare unică inerentă fantastică amuzantă interesantă."
"Film 61",1954,Crimă,"Captivantă surprinzătoare comică nemaivăzută incredibilă inspiratoare încântătoare impresionantă fantastică amuzantă interesantă istorică."
"Film 62",1954,Comedie,"Surprinzătoare comică inspiratoare fascinantă sfâșietoare misterioasă amuzantă neconvențională interesantă istorică."
"Film 63",2016,Comedie,"Captivantă surprinzătoare tulburătoare palpitantă inerentă neconvențională."
"Film 64",1963,Familie,"Captivantă uimitoare dramatică fascinantă încântătoare tulburătoare epică înduioșătoare dezvăluitoare neconvențională."
"Film 65",2004,Dramă,"înfricoșătoare nemaivăzută unică epică interesantă."
"Film 66",2009,Dramă,"înfricoșătoare surprinzătoare comică dramatică inspiratoare tulburătoare sfâșietoare misterioasă neconvențională."
"Film 67",2004,SF,"O captivantă incredibilă fascinantă impresionantă tulburătoare misterioasă unică medievală amuzantă neconvențională interesantă istorică."
"Film 68",2018,Crimă,"Captivantă înfricoșătoare uimitoare comică haios fascinantă impresionantă misterioasă unică înduioșătoare medievală."
"Film 69",1963,Comedie,"O înfricoșătoare surprinzătoare comică dramatică haios fascinantă inerentă fantastică interesantă."
"Film 70",1960,Familie,"înfricoșătoare incredibilă magică haios impresionantă misterioasă medievală istorică."
"Film 71",2019,Documentar,"Captivantă înfricoșătoare incredibilă dramatică inspiratoare încântătoare amuzantă istorică."
"Film 72",1967,Crimă,"Captivantă înfricoșătoare nemaivăzută incredibilă plină de acțiune dramatică magică impresionantă tulburătoare unică palpitantă medievală dezvăluitoare interesantă."
"Film 73",2010,Horror,"O înfricoșătoare uimitoare emoționantă comică nemaivăzută plină de acțiune magică inspiratoare fascinantă inerentă extraterestră medievală fantastică istorică."
"Film 74",1971,Fantezie,"Captivantă înfricoșătoare comică nemaivăzută inspiratoare încântătoare unică palpitantă fantastică interesantă."
"Film 75",1966,Familie,"Emoționantă comică inspiratoare haios încântătoare tulburătoare extraterestră fantastică dezvăluitoare istorică."
"Film 76",2013,Dramă,"înfricoșătoare emoționantă surprinzătoare tulburătoare medievală interesantă."
"Film 77",1979,Romantic,"Uimitoare surprinzătoare comică plină de acțiune dramatică haios încântătoare misterioasă palpitantă inerentă neconvențională."
"Film 78",1951,Aventură,"Uimitoare emoționantă nemaivăzută incredibilă inspiratoare fascinantă impresionantă misterioasă inerentă epică înduioșătoare dezvăluitoare neconvențională istorică."
"Film 79",2016,SF,"O captivantă surprinzătoare comică incredibilă haios sfâșietoare inerentă înduioșătoare dezvăluitoare."
"Film 80",1978,Acțiune,"înfricoșătoare uimitoare nemaivăzută dramatică magică inspiratoare încântătoare epică medievală fantastică dezvăluitoare amuzantă neconvențională interesantă."
"Film 81",1958,Comedie,"înfricoșătoare uimitoare emoționantă comică dramatică inspiratoare încântătoare sfâșietoare medievală fantastică interesantă."
"Film 82",2004,Familie,"O captivantă fascinantă tulburătoare interesantă."
"Film 83",2015,SF,"înfricoșătoare plină de acțiune dramatică magică inspiratoare unică extraterestră dezvăluitoare neconvențională."
"Film 84",2014,Dramă,"O emoționantă surprinzătoare nemaivăzută fascinantă impresionantă unică inerentă amuzantă."
"Film 85",1957,Crimă,"O captivantă înfricoșătoare emoționantă comică plină de acțiune magică fascinantă palpitantă înduioșătoare medievală dezvăluitoare istorică."
"Film 86",1982,Animație,"Captivantă incredibilă plină de acțiune magică inspiratoare încântătoare misterioasă epică înduioșătoare medievală."
"Film 87",2013,Fantezie,"Emoționantă comică incredibilă plină de acțiune magică impresionantă misterioasă înduioșătoare extraterestră amuzantă neconvențională istorică."
"Film 88",1959,Mister,"Captivantă emoționantă comică incredibilă magică inspiratoare fascinantă încântătoare tulburătoare unică extraterestră amuzantă interesantă istorică."
"Film 89",1958,Romantic,"O emoționantă nemaivăzută magică haios fascinantă misterioasă unică inerentă epică înduioșătoare extraterestră fantastică neconvențională."
"Film 90",1983,Documentar,"Captivantă uimitoare comică plină de acțiune încântătoare misterioasă palpitantă inerentă extraterestră neconvențională."
"Film 91",1964,Crimă,"Captivantă uimitoare emoționantă plină de acțiune dramatică fascinantă impresionantă epică înduioșătoare extraterestră."
"Film 92",1992,Documentar,"Captivantă uimitoare emoționantă comică incredibilă dramatică magică haios încântătoare impresionantă tulburătoare palpitantă neconvențională."
"Film 93",1997,Mister,"Plină de acțiune tulburătoare sfâșietoare misterioasă inerentă epică fantastică."
"Film 94",1974,Crimă,"Uimitoare nemaivăzută magică inspiratoare haios impresionantă sfâșietoare misterioasă palpitantă."
"Film 95",1998,Animație,"Surprinzătoare inspiratoare încântătoare tulburătoare palpitantă inerentă dezvăluitoare neconvențională."
"Film 96",1954,Animație,"Captivantă înfricoșătoare emoționantă surprinzătoare incredibilă plină de acțiune magică fascinantă încântătoare unică epică dezvăluitoare amuzantă neconvențională."
"Film 97",1977,Horror,"Dramatică fascinantă sfâșietoare unică epică dezvăluitoare."
"Film 98",2001,Thriller,"O nemaivăzută inspiratoare fascinantă impresionantă palpitantă amuzantă neconvențională istorică."
"Film 99",2009,Fantezie,"Captivantă surprinzătoare nemaivăzută incredibilă dramatică magică inspiratoare sfâșietoare inerentă epică înduioșătoare medievală interesantă istorică."
"Film 100",1974,Comedie,"Captivantă înfricoșătoare emoționantă surprinzătoare nemaivăzută dramatică magică încântătoare impresionantă înduioșătoare fantastică."
